{
	"format_version": "1.8.0",
	"animations": {
		"static pose": {
			"loop": true
		},
		"assimilated_adventurer_head_idle": {
			"loop": true
		},
		"assimilated_adventurer_head_walk": {
			"loop": true,
			"animation_length": 1.125,
			"bones": {
				"7": {
					"rotation": {
						"0.0": {
							"vector": [0, 0, 17.5]
						},
						"0.2917": {
							"vector": [0, 0, 21.25]
						},
						"0.5417": {
							"vector": [0, 0, 5]
						},
						"1.125": {
							"vector": [0, 0, 17.5]
						}
					}
				},
				"16": {
					"rotation": {
						"0.0": {
							"vector": [0, 0, 40]
						},
						"0.5417": {
							"vector": [0, 0, -12.5]
						},
						"0.8333": {
							"vector": [0, 0, 21.25]
						},
						"1.125": {
							"vector": [0, 0, 40]
						}
					}
				},
				"17": {
					"rotation": {
						"0.0": {
							"vector": [0, 0, 5]
						},
						"0.5417": {
							"vector": [0, 0, -65]
						},
						"1.125": {
							"vector": [0, 0, 5]
						}
					}
				},
				"18": {
					"rotation": {
						"0.0": {
							"vector": [0, 0, 0]
						},
						"0.5417": {
							"vector": [0, 0, -40]
						},
						"0.8333": {
							"vector": [0, 0, -37.5]
						},
						"1.125": {
							"vector": [0, 0, 0]
						}
					}
				},
				"WalkingHead": {
					"position": {
						"0.0": {
							"vector": [0, 0, 0]
						},
						"0.2917": {
							"vector": [0, 0.75, 0]
						},
						"0.5417": {
							"vector": [0, 0, 0]
						},
						"0.8333": {
							"vector": [0, 0.5, 0]
						},
						"1.125": {
							"vector": [0, 0, 0]
						}
					}
				},
				"Leg3": {
					"rotation": {
						"0.0": {
							"vector": [21.04999, 25.9139, 23.55473]
						},
						"0.2917": {
							"vector": [14.61083, -16.51773, 23.81271]
						},
						"0.5417": {
							"vector": [-6.01444, -37.77059, -12.73314]
						},
						"0.8333": {
							"vector": [2.32373, -1.61247, -4.99913]
						},
						"1.125": {
							"vector": [21.05, 25.91, 23.55]
						}
					}
				},
				"Leg4": {
					"rotation": {
						"0.0": {
							"vector": [20.99695, -31.33119, -24.76453]
						},
						"0.5417": {
							"vector": [9.4033, 32.1614, -3.58719]
						},
						"0.8333": {
							"vector": [-2.61916, -1.28527, 19.16293]
						},
						"1.125": {
							"vector": [21, -31.33, -24.76]
						}
					}
				},
				"Leg5": {
					"rotation": {
						"0.0": {
							"vector": [0.30331, -32.48475, -6.44633]
						},
						"0.2917": {
							"vector": [-0.82088, -7.51798, -26.20998]
						},
						"0.5417": {
							"vector": [32.73435, 8.79736, 40.52539]
						},
						"1.125": {
							"vector": [0.3, -32.48, -6.45]
						}
					}
				},
				"Leg6": {
					"rotation": {
						"0.0": {
							"vector": [0.216, 25.55572, 2.44701]
						},
						"0.5417": {
							"vector": [15.04699, -32.86154, -8.6893]
						},
						"0.8333": {
							"vector": [11.20238, -6.35995, -20.25693]
						},
						"1.125": {
							"vector": [0.22, 25.56, 2.45]
						}
					}
				}
			}
		},
		"assimilated_adventurer_head_target": {
			"loop": true,
			"animation_length": 0.95833,
			"bones": {
				"7": {
					"rotation": {
						"0.0": {
							"vector": [0, 0, 17.5]
						},
						"0.25": {
							"vector": [0, 0, 21.25]
						},
						"0.4583": {
							"vector": [0, 0, 5]
						},
						"0.9583": {
							"vector": [0, 0, 17.5]
						}
					}
				},
				"16": {
					"rotation": {
						"0.0": {
							"vector": [0, 0, 40]
						},
						"0.4583": {
							"vector": [0, 0, -12.5]
						},
						"0.7083": {
							"vector": [0, 0, 21.25]
						},
						"0.9583": {
							"vector": [0, 0, 40]
						}
					}
				},
				"17": {
					"rotation": {
						"0.0": {
							"vector": [0, 0, 5]
						},
						"0.4583": {
							"vector": [0, 0, -65]
						},
						"0.9583": {
							"vector": [0, 0, 5]
						}
					}
				},
				"18": {
					"rotation": {
						"0.0": {
							"vector": [0, 0, 0]
						},
						"0.4583": {
							"vector": [0, 0, -40]
						},
						"0.7083": {
							"vector": [0, 0, -37.5]
						},
						"0.9583": {
							"vector": [0, 0, 0]
						}
					}
				},
				"WalkingHead": {
					"position": {
						"0.0": {
							"vector": [0, 0, 0]
						},
						"0.25": {
							"vector": [0, 0.75, 0]
						},
						"0.4583": {
							"vector": [0, 0, 0]
						},
						"0.7083": {
							"vector": [0, 0.5, 0]
						},
						"0.9583": {
							"vector": [0, 0, 0]
						}
					}
				},
				"Leg3": {
					"rotation": {
						"0.0": {
							"vector": [21.04999, 25.9139, 23.55473]
						},
						"0.25": {
							"vector": [14.61083, -16.51773, 23.81271]
						},
						"0.4583": {
							"vector": [-6.01444, -37.77059, -12.73314]
						},
						"0.7083": {
							"vector": [2.32373, -1.61247, -4.99913]
						},
						"0.9583": {
							"vector": [21.05, 25.91, 23.55]
						}
					}
				},
				"Leg4": {
					"rotation": {
						"0.0": {
							"vector": [20.99695, -31.33119, -24.76453]
						},
						"0.4583": {
							"vector": [9.4033, 32.1614, -3.58719]
						},
						"0.7083": {
							"vector": [-2.61916, -1.28527, 19.16293]
						},
						"0.9583": {
							"vector": [21, -31.33, -24.76]
						}
					}
				},
				"Leg5": {
					"rotation": {
						"0.0": {
							"vector": [0.30331, -32.48475, -6.44633]
						},
						"0.25": {
							"vector": [-0.82088, -7.51798, -26.20998]
						},
						"0.4583": {
							"vector": [32.73435, 8.79736, 40.52539]
						},
						"0.9583": {
							"vector": [0.3, -32.48, -6.45]
						}
					}
				},
				"Leg6": {
					"rotation": {
						"0.0": {
							"vector": [0.216, 25.55572, 2.44701]
						},
						"0.4583": {
							"vector": [15.04699, -32.86154, -8.6893]
						},
						"0.7083": {
							"vector": [11.20238, -6.35995, -20.25693]
						},
						"0.9583": {
							"vector": [0.22, 25.56, 2.45]
						}
					}
				}
			}
		},
		"assimilated_adventurer_head_air": {
			"loop": true,
			"bones": {
				"Model": {
					"rotation": {
						"vector": [87.45376, 4.88119, -1.08482]
					},
					"position": {
						"vector": [0, 3, 4]
					}
				}
			}
		}
	},
	"geckolib_format_version": 2
}