{
	"format_version": "1.8.0",
	"animations": {
		"static pose": {
			"loop": true
		},
		"assimilated_villager_head_idle": {
			"loop": true,
			"bones": {
				"Jaw2": {
					"rotation": {
						"vector": ["30+math.sin(-55+query.anim_time*240)*12", 0, 0]
					}
				}
			}
		},
		"assimilated_villager_head_walk": {
			"loop": true,
			"animation_length": 1,
			"bones": {
				"Jaw2": {
					"rotation": {
						"0.0": {
							"vector": [27.28338, -8.11272, -3.5562]
						},
						"0.2083": {
							"vector": [14.78254, -8.11204, -3.55715]
						},
						"0.5": {
							"vector": [21.05804, -1.57371, -0.96323]
						},
						"0.7917": {
							"vector": [30.61418, -8.11068, -3.55905]
						},
						"0.8333": {
							"vector": [29.21713, 2.79442, 2.56668]
						},
						"1.0": {
							"vector": [27.28, -8.11, -3.56]
						}
					}
				},
				"WalkingHead": {
					"position": {
						"0.0": {
							"vector": [0, 0, 0]
						},
						"0.2083": {
							"vector": [0, -0.3, 0]
						},
						"0.5": {
							"vector": [0, 0, 0]
						},
						"0.7917": {
							"vector": [0, -0.2, 0]
						},
						"1.0": {
							"vector": [0, 0, 0]
						}
					}
				},
				"Head2": {
					"position": {
						"0.0": {
							"vector": [0, 0, 0]
						},
						"0.2083": {
							"vector": [0, -0.25, 0]
						},
						"0.5": {
							"vector": [0, 0, 0]
						},
						"0.7917": {
							"vector": [0, -0.25, 0]
						},
						"1.0": {
							"vector": [0, 0, 0]
						}
					}
				},
				"Leg": {
					"rotation": {
						"0.0": {
							"vector": [0, 0, 0]
						},
						"0.5": {
							"vector": [-4.64178, 43.65527, -10.94023]
						},
						"0.7917": {
							"vector": [-0.53794, 24.84009, 19.41355]
						},
						"1.0": {
							"vector": [0, 0, 0]
						}
					}
				},
				"bone": {
					"rotation": {
						"0.5": {
							"vector": [0, 0, 0]
						},
						"0.6667": {
							"vector": [-22.5, 0, 16.25]
						},
						"0.7917": {
							"vector": [0, 0, 32.5]
						},
						"1.0": {
							"vector": [0, 0, 0]
						}
					}
				},
				"Leg3": {
					"rotation": {
						"0.0": {
							"vector": [0, 0, 0]
						},
						"0.2083": {
							"vector": [-30.64146, 5.61402, -47.51668]
						},
						"0.5": {
							"vector": [-23.14288, 41.26605, -26.00017]
						},
						"1.0": {
							"vector": [0, 0, 0]
						}
					}
				},
				"bone2": {
					"rotation": {
						"0.0": {
							"vector": [0, 0, 0]
						},
						"0.2083": {
							"vector": [-25, 0, -32.5]
						},
						"0.5": {
							"vector": [0, 0, 0]
						}
					}
				},
				"Leg4": {
					"rotation": {
						"0.0": {
							"vector": [11.87664, 11.44836, -14.96764]
						},
						"0.5": {
							"vector": [-39.62522, -4.90563, 42.08739]
						},
						"0.7917": {
							"vector": [6.76591, -13.12218, -7.5242]
						},
						"1.0": {
							"vector": [11.87664, 11.44836, -14.96764]
						}
					}
				},
				"bone3": {
					"rotation": {
						"0.5": {
							"vector": [0, 0, 0]
						},
						"0.6667": {
							"vector": [-7.65278, 9.88379, -26.52961]
						},
						"0.7917": {
							"vector": [0, 0, -50]
						},
						"1.0": {
							"vector": [0, 0, 0]
						}
					}
				},
				"Leg5": {
					"rotation": {
						"0.0": {
							"vector": [0, 0, 0]
						},
						"0.2083": {
							"vector": [-25.84595, 7.9313, 41.00793]
						},
						"0.5": {
							"vector": [-9.07799, 32.59559, 26.132]
						},
						"1.0": {
							"vector": [0, 0, 0]
						}
					}
				},
				"bone4": {
					"rotation": {
						"0.0": {
							"vector": [0, 0, 0]
						},
						"0.1667": {
							"vector": [27.5, 0, -25]
						},
						"0.2083": {
							"vector": [0, 0, -37.5]
						},
						"0.5": {
							"vector": [0, 0, 0]
						},
						"0.8333": {
							"vector": [0, 0, -17.5]
						},
						"1.0": {
							"vector": [0, 0, 0]
						}
					}
				}
			}
		},
		"assimilated_villager_head_target": {
			"loop": true,
			"animation_length": 0.70833,
			"bones": {
				"5": {
					"rotation": {
						"0.0": {
							"vector": [26.78135, -20.29348, -14.92926]
						},
						"0.3333": {
							"vector": [8.13035, -18.3554, 3.51122]
						},
						"0.5833": {
							"vector": [21.7214, -26.64194, -11.72306]
						},
						"0.7083": {
							"vector": [26.78, -20.29, -14.93]
						}
					}
				},
				"6": {
					"rotation": {
						"0.0": {
							"vector": [15.34721, 12.06754, 15.78396]
						},
						"0.25": {
							"vector": [-3.01507, 12.57065, 23.44231]
						},
						"0.5": {
							"vector": [14.53917, 19.74934, 20.29382]
						},
						"0.5833": {
							"vector": [11.78903, 18.77152, 8.14983]
						},
						"0.7083": {
							"vector": [15.35, 12.07, 15.78]
						}
					}
				},
				"7": {
					"rotation": {
						"0.0": {
							"vector": [-18.67, -26.14, -7.73]
						},
						"0.2917": {
							"vector": [-8.10304, -16.24628, -9.29236]
						},
						"0.4583": {
							"vector": [4.18436, -19.35908, -19.33977]
						},
						"0.7083": {
							"vector": [-18.67, -26.14, -7.73]
						}
					}
				},
				"8": {
					"rotation": {
						"0.0": {
							"vector": [-23.39919, 36.18663, -7.57819]
						},
						"0.125": {
							"vector": [-13.03086, 34.22532, 12.21054]
						},
						"0.2917": {
							"vector": [-19.93046, 19.89972, -0.28233]
						},
						"0.4583": {
							"vector": [-13.66958, 25.71767, -2.88864]
						},
						"0.5": {
							"vector": [-23.74933, 33.2413, -21.4986]
						},
						"0.7083": {
							"vector": [-23.4, 36.19, -7.58]
						}
					}
				},
				"Jaw2": {
					"rotation": {
						"0.0": {
							"vector": [27.28338, -8.11272, -3.5562]
						},
						"0.1667": {
							"vector": [14.78254, -8.11204, -3.55715]
						},
						"0.3333": {
							"vector": [21.05804, -1.57371, -0.96323]
						},
						"0.5417": {
							"vector": [30.61418, -8.11068, -3.55905]
						},
						"0.5833": {
							"vector": [29.21713, 2.79442, 2.56668]
						},
						"0.7083": {
							"vector": [27.28, -8.11, -3.56]
						}
					}
				},
				"WalkingHead": {
					"position": {
						"0.0": {
							"vector": [0, 0, 0]
						},
						"0.1667": {
							"vector": [0, -0.3, 0]
						},
						"0.3333": {
							"vector": [0, 0, 0]
						},
						"0.5417": {
							"vector": [0, -0.2, 0]
						},
						"0.7083": {
							"vector": [0, 0, 0]
						}
					}
				},
				"Head2": {
					"position": {
						"0.0": {
							"vector": [0, 0, 0]
						},
						"0.1667": {
							"vector": [0, -0.25, 0]
						},
						"0.3333": {
							"vector": [0, 0, 0]
						},
						"0.5417": {
							"vector": [0, -0.25, 0]
						},
						"0.7083": {
							"vector": [0, 0, 0]
						}
					}
				},
				"Leg": {
					"rotation": {
						"0.0": {
							"vector": [0, 0, 0]
						},
						"0.3333": {
							"vector": [-4.64178, 43.65527, -10.94023]
						},
						"0.5417": {
							"vector": [-0.53794, 24.84009, 19.41355]
						},
						"0.7083": {
							"vector": [0, 0, 0]
						}
					}
				},
				"bone": {
					"rotation": {
						"0.3333": {
							"vector": [0, 0, 0]
						},
						"0.4583": {
							"vector": [-22.5, 0, 16.25]
						},
						"0.5417": {
							"vector": [0, 0, 32.5]
						},
						"0.7083": {
							"vector": [0, 0, 0]
						}
					}
				},
				"Leg3": {
					"rotation": {
						"0.0": {
							"vector": [0, 0, 0]
						},
						"0.1667": {
							"vector": [-30.64146, 5.61402, -47.51668]
						},
						"0.3333": {
							"vector": [-23.14288, 41.26605, -26.00017]
						},
						"0.7083": {
							"vector": [0, 0, 0]
						}
					}
				},
				"bone2": {
					"rotation": {
						"0.0": {
							"vector": [0, 0, 0]
						},
						"0.1667": {
							"vector": [-25, 0, -32.5]
						},
						"0.3333": {
							"vector": [0, 0, 0]
						}
					}
				},
				"Leg4": {
					"rotation": {
						"0.0": {
							"vector": [11.87664, 11.44836, -14.96764]
						},
						"0.3333": {
							"vector": [-39.62522, -4.90563, 42.08739]
						},
						"0.5417": {
							"vector": [6.76591, -13.12218, -7.5242]
						},